image,age
image0.png,12.09034907597536
image1.png,11.323750855578371
image2.png,26.373716632443532
image3.png,19.876796714579054
